username,user id,access hash,group,group id
zqpfjxqhfe,1202035438,-7762265151909469432,TIGERS FOREX TRADING,1626217921
dontgetzoedplz,1482816149,6733210639441194513,TIGERS FOREX TRADING,1626217921
zmurfijs,1886873939,7097670765717998264,TIGERS FOREX TRADING,1626217921
ZAMK999,2022762009,5374510491236006020,TIGERS FOREX TRADING,1626217921
Caroline9847,1922920375,5074066660446024135,TIGERS FOREX TRADING,1626217921
Zafarali01,2047053888,6476226775164623897,TIGERS FOREX TRADING,1626217921
Z3r0ms,2059828832,-5726380576495620061,TIGERS FOREX TRADING,1626217921
zhir_5,673698919,-8148330086548468638,TIGERS FOREX TRADING,1626217921
MharZeshan,2048935746,2177255180862803223,TIGERS FOREX TRADING,1626217921
zaiksandr,5251921431,3902003945253226410,TIGERS FOREX TRADING,1626217921
nabilah_zainudin90,1351565507,-8590148858959441419,TIGERS FOREX TRADING,1626217921
zularizal,1428940141,2097542421304635613,TIGERS FOREX TRADING,1626217921
sniperentry9,1687004004,2404470751727521206,TIGERS FOREX TRADING,1626217921
NoladaZie,798418729,2222160384909828555,TIGERS FOREX TRADING,1626217921
Zizzle95,699257365,1841883078737102961,TIGERS FOREX TRADING,1626217921
Abdihuno,988877667,-2255260245910230116,TIGERS FOREX TRADING,1626217921
IAMSHOLZMART,2013148022,3150686988603468102,TIGERS FOREX TRADING,1626217921
moncefzr,921249544,-1554819893564814839,TIGERS FOREX TRADING,1626217921
zoraish,394195544,2745836575922796576,TIGERS FOREX TRADING,1626217921
traorezaka,484070958,1853764621695017460,TIGERS FOREX TRADING,1626217921
ZInoGbp,1026403198,-5875090833653766740,TIGERS FOREX TRADING,1626217921
Mariannkur,865392174,685475314865183392,TIGERS FOREX TRADING,1626217921
Zynie_store,1575913883,-8704581496888075825,TIGERS FOREX TRADING,1626217921
lzp2057,1874915709,8951482431917232701,TIGERS FOREX TRADING,1626217921
Niroz_zibo,5295883642,4193453983900476244,TIGERS FOREX TRADING,1626217921
Kgg53_aurel,5387402414,-7886370382110744848,TIGERS FOREX TRADING,1626217921
zeus19861,1216565259,7771993634908671765,TIGERS FOREX TRADING,1626217921
Mustafa_zoya2,5502000439,3226076328628555013,TIGERS FOREX TRADING,1626217921
Intrexcap,673187329,-3878721586165191021,TIGERS FOREX TRADING,1626217921
Zugulle10,1050346728,2555996109979643325,TIGERS FOREX TRADING,1626217921
Shuxle,1476861611,-5687438195910377863,TIGERS FOREX TRADING,1626217921
zolikhao,1863945317,-4179522630694407811,TIGERS FOREX TRADING,1626217921
Zu_thom,5110610486,6081585002033255889,TIGERS FOREX TRADING,1626217921
Zupertrader87,335543530,-5829132230088362191,TIGERS FOREX TRADING,1626217921
andreaszanin,348956818,541540592800603884,TIGERS FOREX TRADING,1626217921
Naajar10,1921265012,-2790010809821363620,TIGERS FOREX TRADING,1626217921
marketmaker001,5107529879,8464726872957512286,TIGERS FOREX TRADING,1626217921
Marazajnh,5411369322,2070062392572774577,TIGERS FOREX TRADING,1626217921
Zedox7100,645989459,-8239965617661088610,TIGERS FOREX TRADING,1626217921
Goldfx14,1391843284,-5180448319747914145,TIGERS FOREX TRADING,1626217921
zakaria19ezzouak96,1796812729,-1141492318872398587,TIGERS FOREX TRADING,1626217921
mhmmmho,576600873,2047615836864014061,TIGERS FOREX TRADING,1626217921
zack_showcasead,606214436,6367388848716473207,TIGERS FOREX TRADING,1626217921
zjvjxjc,115351158,-5796053541556418848,TIGERS FOREX TRADING,1626217921
Zakaria_Shafik,1453279029,1490342474677815894,TIGERS FOREX TRADING,1626217921
fhmyzl,706864932,8922748116956259240,TIGERS FOREX TRADING,1626217921
Zammymax,987291965,7082551037625547200,TIGERS FOREX TRADING,1626217921
zakiaRamadhanu,1301668373,-4281356569195781544,TIGERS FOREX TRADING,1626217921
ziajutt,1898548430,7791810732653627319,TIGERS FOREX TRADING,1626217921
Bornny_en,208813130,-8000852777226620233,TIGERS FOREX TRADING,1626217921
Zabellamak,360732334,616643425178555952,TIGERS FOREX TRADING,1626217921
Zemheriii,841555095,-6731977292098502795,TIGERS FOREX TRADING,1626217921
zurfo,1110008582,6820458408877776218,TIGERS FOREX TRADING,1626217921
aBRHAM19aYELE,471433835,5743747822494164699,TIGERS FOREX TRADING,1626217921
Zudeep,839673001,51024396750642855,TIGERS FOREX TRADING,1626217921
zenaimad,1106452682,6614220011532012620,TIGERS FOREX TRADING,1626217921
zOOmA55,1220496121,21761383455356900,TIGERS FOREX TRADING,1626217921
zJNN3s,411518823,3957863415757616151,TIGERS FOREX TRADING,1626217921
zarahjanez,723214569,1001866353606399900,TIGERS FOREX TRADING,1626217921
ArapSikennn,1045803280,-1325795222981962133,TIGERS FOREX TRADING,1626217921
zorarara_c,492587541,-6060125248084505982,TIGERS FOREX TRADING,1626217921
Jay7100,1047827742,-3089662857448775925,TIGERS FOREX TRADING,1626217921
zips71,1337532069,-930057337492147301,TIGERS FOREX TRADING,1626217921
Ze_27,2053138821,9169625266079166574,TIGERS FOREX TRADING,1626217921
reblunted,1070084243,-1013627007763509715,TIGERS FOREX TRADING,1626217921
sdazerxbin,1047519625,-5857573067831765300,TIGERS FOREX TRADING,1626217921
zoflo,1098008755,6854793838949968745,TIGERS FOREX TRADING,1626217921
Zulempire07,1862233717,-2351281262115902055,TIGERS FOREX TRADING,1626217921
zavalindimchi1987,2073540928,1472731335242175141,TIGERS FOREX TRADING,1626217921
zalimmard,1338859155,7067054659231088137,TIGERS FOREX TRADING,1626217921
zadikhan56,1393369062,-6844994756683695430,TIGERS FOREX TRADING,1626217921
zubair346,1645342542,1772600216081038438,TIGERS FOREX TRADING,1626217921
Crima44,1005364719,-2193733287907337558,TIGERS FOREX TRADING,1626217921
caliyarea,1044635065,7690834913468216963,TIGERS FOREX TRADING,1626217921
Affanyajman,1081012622,903558758762031018,TIGERS FOREX TRADING,1626217921
nonpariel,1259347312,-8888965933002706046,TIGERS FOREX TRADING,1626217921
Enhui0211,5050041810,2644894736191672864,TIGERS FOREX TRADING,1626217921
Alcadaala0,969275210,4736580284810700558,TIGERS FOREX TRADING,1626217921
Jubfx,1392936674,-8858135133350661466,TIGERS FOREX TRADING,1626217921
SolymanAcademy,1223334999,-7626548639057307236,TIGERS FOREX TRADING,1626217921
YokoPato,5091875209,7321172096922953288,TIGERS FOREX TRADING,1626217921
Yenkiz,1370956829,8687977784686542520,TIGERS FOREX TRADING,1626217921
reezy96,915373122,1231143225586499038,TIGERS FOREX TRADING,1626217921
yanuarfatih,695357586,-6744815072576912340,TIGERS FOREX TRADING,1626217921
Salah_yow,1068820080,-1505829907640983371,TIGERS FOREX TRADING,1626217921
youforknowyourpaddies,154138011,-3982076566724669158,TIGERS FOREX TRADING,1626217921
DigitalBusinessSpecialist,1484456611,6908144252275871790,TIGERS FOREX TRADING,1626217921
yoeselynwangi,932086504,-3196818954635599937,TIGERS FOREX TRADING,1626217921
Mabdiyoussouf,1263029464,-4654738676477823556,TIGERS FOREX TRADING,1626217921
YaAllahPak,2015830254,4999398912449750848,TIGERS FOREX TRADING,1626217921
Lover1er,2099195523,-350792408915013014,TIGERS FOREX TRADING,1626217921
Isaiah_kumar,1767725526,-3458546733836798403,TIGERS FOREX TRADING,1626217921
Yuda24,522221337,9010344856405703655,TIGERS FOREX TRADING,1626217921
Yolanda081,700568901,-6785875005025926309,TIGERS FOREX TRADING,1626217921
YDG7777,1022780460,-8103790587683402189,TIGERS FOREX TRADING,1626217921
yeesperindoenterprise,1278801965,-5980739725416896451,TIGERS FOREX TRADING,1626217921
,5498554609,-1214956774165232579,TIGERS FOREX TRADING,1626217921
Brown_xoda,695729962,7893621393588699300,TIGERS FOREX TRADING,1626217921
F_X_J_C,745278763,1013538885409554334,TIGERS FOREX TRADING,1626217921
Jay_2_de_4ken_wrld,972678962,-4113664941271018937,TIGERS FOREX TRADING,1626217921
Krystalth,1000471406,-5350830653689721216,TIGERS FOREX TRADING,1626217921
Vix_Ninja,5353562442,5429574018169613979,TIGERS FOREX TRADING,1626217921
dgdevera,1798118168,-5770261359173922783,TIGERS FOREX TRADING,1626217921
SanjayV,577520389,1956895879767383536,TIGERS FOREX TRADING,1626217921
vishalchaudhary1,652942901,3614142535653564501,TIGERS FOREX TRADING,1626217921
,5475917575,-1889444241617090461,TIGERS FOREX TRADING,1626217921
visothdul,623533967,3101031092883617231,TIGERS FOREX TRADING,1626217921
Vsant17,634404158,-889481016349594774,TIGERS FOREX TRADING,1626217921
vIckeldelageneral,563725523,535587774146408022,TIGERS FOREX TRADING,1626217921
Virtual_911,768756178,5732687961066844163,TIGERS FOREX TRADING,1626217921
Victor7654433,1282314131,-8989349357890448022,TIGERS FOREX TRADING,1626217921
verma1998silpij,1906843418,6698195942690587300,TIGERS FOREX TRADING,1626217921
shubhkitverma,1917188964,6388830687357890862,TIGERS FOREX TRADING,1626217921
UAU2020,547317644,-7559683664880078573,TIGERS FOREX TRADING,1626217921
Topgun127,5333050699,-4394479175064605378,TIGERS FOREX TRADING,1626217921
Rodjames7,868185647,703112930587751363,TIGERS FOREX TRADING,1626217921
TraderMSaran,1639840632,4692455769732762114,TIGERS FOREX TRADING,1626217921
BlueprintAdmin2,1731311185,-4174897377451645270,TIGERS FOREX TRADING,1626217921
stefan9997,1115598294,415921173580435415,TIGERS FOREX TRADING,1626217921
snapz24,739351784,-1658411617235417260,TIGERS FOREX TRADING,1626217921
Sarathu1988,1003558707,5105556203462604742,TIGERS FOREX TRADING,1626217921
Saad_by,1044571998,-7483826175130888550,TIGERS FOREX TRADING,1626217921
sexy_que,1535424201,-1932299269307603919,TIGERS FOREX TRADING,1626217921
Saimaliattari,1536373437,-6663448499065541186,TIGERS FOREX TRADING,1626217921
prince24Karat,5112388658,-4556958001013207965,TIGERS FOREX TRADING,1626217921
Safataprofit,594075975,-8310058627558355250,TIGERS FOREX TRADING,1626217921
,5583141431,4531449514364050155,TIGERS FOREX TRADING,1626217921
smurgida3,1969092214,-7416090046188320448,TIGERS FOREX TRADING,1626217921
,5144230468,-6445234016132503335,TIGERS FOREX TRADING,1626217921
monuorasawant,1953695468,-8718922418412709048,TIGERS FOREX TRADING,1626217921
sagwal1986rikesh,1985296062,6299251107376125631,TIGERS FOREX TRADING,1626217921
royalsuman1989,1759004386,-5771239622683364583,TIGERS FOREX TRADING,1626217921
Fhraju,5155267334,-3017003111937294548,TIGERS FOREX TRADING,1626217921
,5510180182,6811831126374199292,TIGERS FOREX TRADING,1626217921
ROMAN_4X,1981848295,-8390803832271201403,TIGERS FOREX TRADING,1626217921
Rahimfx11,5387795153,3765757716723768258,TIGERS FOREX TRADING,1626217921
JosinaldoReis,316693555,-5051714967765295361,TIGERS FOREX TRADING,1626217921
Radika4,989714699,-3275129079966179149,TIGERS FOREX TRADING,1626217921
ABHISS11,1073842060,5671806569243119179,TIGERS FOREX TRADING,1626217921
Relly01,334461333,2139119878444087244,TIGERS FOREX TRADING,1626217921
Rk00675,5556121765,-2775512442303465888,TIGERS FOREX TRADING,1626217921
Reyckoff,851952268,248871302323344252,TIGERS FOREX TRADING,1626217921
panderakesh,1974157287,7217460401856706325,TIGERS FOREX TRADING,1626217921
fly_nileshprajapati,845919797,-7883676850007116247,TIGERS FOREX TRADING,1626217921
,5549772613,7453862627099507861,TIGERS FOREX TRADING,1626217921
Aptem5667,1920009093,6756104665594764541,TIGERS FOREX TRADING,1626217921
Over_Lord0101,5220478041,7427695471447132693,TIGERS FOREX TRADING,1626217921
Ozieman,608034012,-693468991611969531,TIGERS FOREX TRADING,1626217921
obetugudyty,1908462470,-6740435601392973822,TIGERS FOREX TRADING,1626217921
Mustaqbalkaagadooro,1103816326,2752362185879037555,TIGERS FOREX TRADING,1626217921
Mighty_Edward,1099737321,2134856831210506130,TIGERS FOREX TRADING,1626217921
Marcus760,367224932,5183152241080216361,TIGERS FOREX TRADING,1626217921
MFAZIL18,1096215794,2783650941232142240,TIGERS FOREX TRADING,1626217921
,5476971173,2206856924242352940,TIGERS FOREX TRADING,1626217921
manwalvelu10,1935752311,5466402368987284093,TIGERS FOREX TRADING,1626217921
jeymslord,1876150728,7875566137992362995,TIGERS FOREX TRADING,1626217921
,5426383579,2055915668048559361,TIGERS FOREX TRADING,1626217921
,5567406711,1128501258374639076,TIGERS FOREX TRADING,1626217921
darius267,1419855012,-3902532944613259880,TIGERS FOREX TRADING,1626217921
Diogel,678243429,889161672636002816,TIGERS FOREX TRADING,1626217921
akkipiguhbairage,1975300064,-8270273890574845250,TIGERS FOREX TRADING,1626217921
arvinifev,1872629738,797463426750214938,TIGERS FOREX TRADING,1626217921
